norm_name_stu,System name,N Tested Reading,Reading: Mean Scale Score,Reading: % Did not meet the standard,Reading: % Meets the standard,Reading: % Exceeds the standard,Reading: % Met or Exceeded the standard,N Tested ELA,ELA: Mean Scale Score,ELA: % Did not meet the standard,ELA: % Meets the standard,ELA: % Exceeds the standard,ELA: % Met or Exceeded the standard,N Tested Math,Math: Mean Scale Score,Math: % Did not meet the standard,Math: % Meets the standard,Math: % Exceeds the standard,Math: % Met or Exceeded the standard,N Tested Science,Science: Mean Scale Score,Science: % Did not meet the standard,Science: % Meets the standard,Science: % Exceeds the standard,Science: % Met or Exceeded the standard,N Tested Social Studies,Social Studies: Mean Scale Score,Social Studies: % Did not meet the standard,Social Studies: % Meets the standard,Social Studies: % Exceeds the standard,Social Studies: % Met or Exceeded the standard,grade,N tested Reading,N tested ELA,N tested Math,N tested Science,Science: % Does not meet standard,N tested Social Studies,Social Studies: % Does not meet the standard,norm_name_aps,best_match,es.giftedEligibility,activeEnrollment.eip,activeEnrollment.specialEdStatus,posElig.eligibility,gifted_flag,lunch_flag
parkside,ATLANTA PUBLIC SCHOO,104.0,823.68,24.0,51.9,24.0,76.0,104.0,824.58,24.0,51.9,24.0,76.0,104.0,818.81,33.7,46.2,20.2,66.3,104.0,824.83,28.8,40.4,30.8,71.2,104.0,821.71,26.9,50.0,23.1,73.1,3,,,,,,,,parkside,parkside,9,N,N,F,0,1
heritage,ATLANTA PUBLIC SCHOO,96.0,820.97,17.7,67.7,14.6,82.3,96.0,824.26,18.8,59.4,21.9,81.3,96.0,810.53,39.6,41.7,18.8,60.4,96.0,808.16,37.5,53.1,9.4,62.5,96.0,810.78,34.4,59.4,6.3,65.6,3,,,,,,,,heritage acad,heritage,9,N,N,F,0,1
springdale park,ATLANTA PUBLIC SCHOO,60.0,856.63,1.7,30.0,68.3,98.3,59.0,859.2,0.0,28.8,71.2,100.0,61.0,872.75,4.9,19.7,75.4,95.1,61.0,856.51,3.3,27.9,68.9,96.7,60.0,860.87,1.7,28.3,70.0,98.3,3,,,,,,,,springdale pa,springdale park,9,N,N,S,0,0
atlanta preparatory,ATLANTA PUBLIC SCHOO,43.0,817.35,25.6,60.5,14.0,74.4,43.0,817.16,30.2,55.8,14.0,69.8,43.0,798.77,48.8,37.2,14.0,51.2,43.0,806.35,39.5,51.2,9.3,60.5,43.0,803.0,39.5,55.8,4.7,60.5,3,,,,,,,,atlanta prepa,atlanta preparatory,9,N,N,F,0,1
cascade,ATLANTA PUBLIC SCHOO,77.0,821.53,18.2,63.6,18.2,81.8,77.0,824.48,18.2,64.9,16.9,81.8,77.0,813.19,31.2,55.8,13.0,68.8,77.0,811.17,33.8,57.1,9.1,66.2,77.0,815.42,26.0,62.3,11.7,74.0,3,,,,,,,,cascade eleme,cascade,9,N,N,F,0,1
centennial place,ATLANTA PUBLIC SCHOO,78.0,831.74,16.7,52.6,30.8,83.3,78.0,833.76,12.8,55.1,32.1,87.2,78.0,827.01,21.8,55.1,23.1,78.2,79.0,827.86,21.5,53.2,25.3,78.5,79.0,825.7,19.0,57.0,24.1,81.0,3,,,,,,,,centennial pl,centennial place,9,N,N,F,0,1
charles r drew charter,ATLANTA PUBLIC SCHOO,83.0,832.2,7.2,62.7,30.1,92.8,83.0,837.86,6.0,56.6,37.3,94.0,83.0,829.22,15.7,55.4,28.9,84.3,83.0,830.92,10.8,63.9,25.3,89.2,83.0,828.33,12.0,65.1,22.9,88.0,3,,,,,,,,charles r dre,charles r drew charter,9,N,N,F,0,1
hillside,ATLANTA PUBLIC SCHOO,5.0,,,,,,6.0,,,,,,6.0,,,,,,6.0,,,,,,6.0,,,,,,3,,,,,,,,hillside cona,hillside,9,N,Y,S,0,0
perkerson,ATLANTA PUBLIC SCHOO,58.0,813.67,29.3,62.1,8.6,70.7,58.0,811.55,37.9,50.0,12.1,62.1,58.0,800.74,53.4,34.5,12.1,46.6,58.0,800.9,48.3,43.1,8.6,51.7,58.0,800.91,41.4,53.4,5.2,58.6,3,,,,,,,,perkerson ele,perkerson,9,N,N,F,0,1
bolton,ATLANTA PUBLIC SCHOO,61.0,828.08,11.5,67.2,21.3,88.5,61.0,825.03,23.0,50.8,26.2,77.0,62.0,815.79,35.5,41.9,22.6,64.5,62.0,815.6,32.3,53.2,14.5,67.7,60.0,815.82,26.7,60.0,13.3,73.3,3,,,,,,,,bolton academ,bolton,9,N,N,F,0,1
deerwood,ATLANTA PUBLIC SCHOO,99.0,830.77,9.1,62.6,28.3,90.9,99.0,837.03,7.1,54.5,38.4,92.9,99.0,830.26,20.2,47.5,32.3,79.8,99.0,833.75,12.1,56.6,31.3,87.9,99.0,830.02,12.1,63.6,24.2,87.9,3,,,,,,,,deerwood acad,deerwood,9,N,N,F,0,1
burgesspeterson,ATLANTA PUBLIC SCHOO,42.0,831.45,9.5,64.3,26.2,90.5,42.0,833.48,9.5,54.8,35.7,90.5,42.0,822.4,21.4,57.1,21.4,78.6,42.0,835.69,11.9,57.1,31.0,88.1,42.0,822.93,21.4,64.3,14.3,78.6,3,,,,,,,,burgess peter,burgesspeterson,9,N,N,F,0,1
university community,ATLANTA PUBLIC SCHOO,47.0,811.0,38.3,46.8,14.9,61.7,47.0,813.85,34.0,46.8,19.1,66.0,47.0,809.0,42.6,34.0,23.4,57.4,47.0,812.47,42.6,40.4,17.0,57.4,47.0,811.57,40.4,44.7,14.9,59.6,3,,,,,,,,university co,university community,9,N,N,F,0,1
neighborhood charter,ATLANTA PUBLIC SCHOO,60.0,855.9,3.3,35.0,61.7,96.7,60.0,845.97,5.0,45.0,50.0,95.0,60.0,842.13,10.0,43.3,46.7,90.0,60.0,855.98,5.0,31.7,63.3,95.0,59.0,843.41,3.4,52.5,44.1,96.6,3,,,,,,,,neighborhood,neighborhood charter,9,N,N,S,0,0
bazoline usher,ATLANTA PUBLIC SCHOO,71.0,813.9,23.9,62.0,14.1,76.1,71.0,813.97,28.2,56.3,15.5,71.8,71.0,793.96,56.3,33.8,9.9,43.7,71.0,802.38,45.1,47.9,7.0,54.9,71.0,799.79,45.1,52.1,2.8,54.9,3,,,,,,,,bazoline e us,bazoline usher,9,N,N,F,0,1
emma hutchinson,ATLANTA PUBLIC SCHOO,83.0,815.02,24.1,59.0,16.9,75.9,83.0,815.4,27.7,61.4,10.8,72.3,83.0,805.47,48.2,33.7,18.1,51.8,83.0,805.65,41.0,44.6,14.5,59.0,83.0,814.92,33.7,50.6,15.7,66.3,3,,,,,,,,hutchinson el,emma hutchinson,9,N,N,F,0,1
l o kimberly,ATLANTA PUBLIC SCHOO,79.0,811.57,26.6,65.8,7.6,73.4,79.0,811.11,29.1,63.3,7.6,70.9,79.0,797.84,50.6,40.5,8.9,49.4,79.0,803.16,39.2,55.7,5.1,60.8,79.0,799.56,43.0,57.0,0.0,57.0,3,,,,,,,,kimberly,l o kimberly,9,N,N,F,0,1
imagine wesley international,ATLANTA PUBLIC SCHOO,62.0,837.94,9.7,54.8,35.5,90.3,62.0,830.27,9.7,69.4,21.0,90.3,62.0,825.55,19.4,53.2,27.4,80.6,62.0,817.84,24.2,59.7,16.1,75.8,61.0,813.98,23.0,67.2,9.8,77.0,3,,,,,,,,imagine wesle,imagine wesley international,9,N,N,F,0,1
garden hills,ATLANTA PUBLIC SCHOO,89.0,838.06,2.2,66.3,31.5,97.8,89.0,835.96,6.7,60.7,32.6,93.3,90.0,828.61,15.6,53.3,31.1,84.4,90.0,825.8,14.4,72.2,13.3,85.6,89.0,815.56,22.5,68.5,9.0,77.5,3,,,,,,,,garden hills,garden hills,9,N,N,F,0,1
morningside,ATLANTA PUBLIC SCHOO,123.0,857.68,4.9,28.5,66.7,95.1,123.0,854.45,4.1,34.1,61.8,95.9,124.0,860.67,7.3,29.0,63.7,92.7,124.0,861.82,3.2,29.8,66.9,96.8,123.0,850.28,4.9,40.7,54.5,95.1,3,,,,,,,,morningside e,morningside,3,N,N,S,0,0
adamsville,ATLANTA PUBLIC SCHOO,66.0,809.91,31.8,57.6,10.6,68.2,66.0,815.68,31.8,51.5,16.7,68.2,66.0,801.97,43.9,45.5,10.6,56.1,66.0,800.14,50.0,45.5,4.5,50.0,66.0,799.88,40.9,59.1,0.0,59.1,3,,,,,,,,adamsville el,adamsville,9,N,N,F,0,1
connally,ATLANTA PUBLIC SCHOO,87.0,816.61,24.1,64.4,11.5,75.9,87.0,814.92,26.4,59.8,13.8,73.6,87.0,808.69,46.0,33.3,20.7,54.0,87.0,809.83,37.9,49.4,12.6,62.1,86.0,810.28,34.9,51.2,14.0,65.1,3,,,,,,,,connally,connally,9,N,N,F,0,1
east lake,ATLANTA PUBLIC SCHOO,38.0,814.21,31.6,60.5,7.9,68.4,38.0,823.61,21.1,55.3,23.7,78.9,38.0,821.39,23.7,52.6,23.7,76.3,38.0,812.16,34.2,52.6,13.2,65.8,38.0,808.26,31.6,63.2,5.3,68.4,3,,,,,,,,east lake ele,east lake,9,N,N,F,0,1
venetian,ATLANTA PUBLIC SCHOO,70.0,821.8,17.1,62.9,20.0,82.9,71.0,823.83,18.3,63.4,18.3,81.7,71.0,809.52,35.2,50.7,14.1,64.8,71.0,806.63,35.2,54.9,9.9,64.8,71.0,808.54,28.2,66.2,5.6,71.8,3,,,,,,,,venetian hill,venetian,9,N,N,F,0,1
west manor,ATLANTA PUBLIC SCHOO,49.0,841.12,4.1,49.0,46.9,95.9,49.0,846.33,10.2,30.6,59.2,89.8,49.0,834.9,24.5,38.8,36.7,75.5,49.0,836.47,18.4,38.8,42.9,81.6,49.0,823.18,20.4,61.2,18.4,79.6,3,,,,,,,,west manor el,west manor,9,N,N,F,0,1
beecher hills,ATLANTA PUBLIC SCHOO,56.0,826.73,16.1,62.5,21.4,83.9,56.0,828.55,7.1,75.0,17.9,92.9,56.0,823.18,17.9,64.3,17.9,82.1,56.0,823.86,21.4,62.5,16.1,78.6,56.0,823.27,19.6,60.7,19.6,80.4,3,,,,,,,,beecher hills,beecher hills,9,N,N,F,0,1
continental colony,ATLANTA PUBLIC SCHOO,61.0,825.52,9.8,75.4,14.8,90.2,61.0,830.84,11.5,63.9,24.6,88.5,61.0,831.67,9.8,63.9,26.2,90.2,61.0,817.56,19.7,65.6,14.8,80.3,61.0,819.7,13.1,75.4,11.5,86.9,3,,,,,,,,continental c,continental colony,9,N,N,F,0,1
peyton forest,ATLANTA PUBLIC SCHOO,94.0,826.01,17.0,62.8,20.2,83.0,94.0,829.34,12.8,62.8,24.5,87.2,94.0,819.06,26.6,53.2,20.2,73.4,94.0,851.33,7.4,35.1,57.4,92.6,94.0,848.21,4.3,48.9,46.8,95.7,3,,,,,,,,peyton forest,peyton forest,9,N,N,F,0,1
fickett,ATLANTA PUBLIC SCHOO,90.0,830.27,6.7,65.6,27.8,93.3,90.0,829.27,10.0,62.2,27.8,90.0,89.0,819.91,29.2,52.8,18.0,70.8,90.0,821.03,22.2,63.3,14.4,77.8,89.0,817.27,25.8,64.0,10.1,74.2,3,,,,,,,,fickett eleme,fickett,9,N,N,F,0,1
whitefoord,ATLANTA PUBLIC SCHOO,46.0,823.87,19.6,58.7,21.7,80.4,46.0,827.2,17.4,52.2,30.4,82.6,46.0,820.5,23.9,52.2,23.9,76.1,46.0,809.07,39.1,58.7,2.2,60.9,46.0,814.98,30.4,56.5,13.0,69.6,3,,,,,,,,whitefoord el,whitefoord,9,N,N,F,0,1
cleveland avenue,ATLANTA PUBLIC SCHOO,64.0,829.31,18.8,50.0,31.3,81.3,64.0,824.14,15.6,64.1,20.3,84.4,64.0,816.86,21.9,62.5,15.6,78.1,64.0,813.52,31.3,56.3,12.5,68.8,64.0,815.11,31.3,53.1,15.6,68.8,3,,,,,,,,cleveland ele,cleveland avenue,9,N,N,F,0,1
m agnes jones,ATLANTA PUBLIC SCHOO,83.0,819.1,19.3,65.1,15.7,80.7,83.0,819.84,24.1,56.6,19.3,75.9,83.0,813.8,32.5,44.6,22.9,67.5,83.0,815.84,31.3,51.8,16.9,68.7,83.0,803.69,42.2,53.0,4.8,57.8,3,,,,,,,,m a jones ele,m agnes jones,9,N,N,F,0,1
benteen,ATLANTA PUBLIC SCHOO,38.0,812.87,21.1,73.7,5.3,78.9,38.0,818.63,21.1,55.3,23.7,78.9,38.0,803.26,39.5,52.6,7.9,60.5,38.0,802.97,50.0,42.1,7.9,50.0,38.0,800.16,47.4,52.6,0.0,52.6,3,,,,,,,,benteen eleme,benteen,9,N,N,F,0,1
capitol view,ATLANTA PUBLIC SCHOO,70.0,828.26,15.7,57.1,27.1,84.3,70.0,823.4,15.7,57.1,27.1,84.3,70.0,818.79,28.6,52.9,18.6,71.4,70.0,819.01,27.1,54.3,18.6,72.9,70.0,808.47,31.4,67.1,1.4,68.6,3,,,,,,,,capitol view,capitol view,9,N,N,F,0,1
daniel h stanton,ATLANTA PUBLIC SCHOO,50.0,811.08,30.0,62.0,8.0,70.0,50.0,811.52,30.0,56.0,14.0,70.0,50.0,800.0,56.0,36.0,8.0,44.0,50.0,802.36,46.0,48.0,6.0,54.0,50.0,797.64,48.0,50.0,2.0,52.0,3,,,,,,,,d h stanton e,daniel h stanton,9,N,N,F,0,1
thomasville heights,ATLANTA PUBLIC SCHOO,63.0,812.97,19.0,73.0,7.9,81.0,63.0,811.67,33.3,54.0,12.7,66.7,63.0,793.46,60.3,31.7,7.9,39.7,63.0,802.95,46.0,50.8,3.2,54.0,63.0,804.89,34.9,63.5,1.6,65.1,3,,,,,,,,thomasville h,thomasville heights,9,N,N,F,0,1
grove park,ATLANTA PUBLIC SCHOO,85.0,808.08,40.0,50.6,9.4,60.0,85.0,808.18,38.8,49.4,11.8,61.2,85.0,793.58,55.3,40.0,4.7,44.7,85.0,797.29,50.6,44.7,4.7,49.4,85.0,793.82,60.0,37.6,2.4,40.0,3,,,,,,,,grove park el,grove park,9,N,N,F,0,1
joseph humphries,ATLANTA PUBLIC SCHOO,52.0,811.08,30.8,63.5,5.8,69.2,52.0,813.42,28.8,59.6,11.5,71.2,52.0,803.17,44.2,42.3,13.5,55.8,52.0,799.0,42.3,55.8,1.9,57.7,52.0,800.77,50.0,48.1,1.9,50.0,3,,,,,,,,humphries ele,joseph humphries,9,N,N,F,0,1
f lstanton,ATLANTA PUBLIC SCHOO,54.0,812.39,29.6,59.3,11.1,70.4,54.0,818.63,16.7,64.8,18.5,83.3,54.0,802.06,44.4,44.4,11.1,55.6,54.0,805.57,42.6,48.1,9.3,57.4,54.0,800.28,48.1,50.0,1.9,51.9,3,,,,,,,,f l stanton,f lstanton,9,N,N,F,0,1
parkside,ATLANTA PUBLIC SCHOO,80.0,831.13,20.0,46.3,33.8,80.0,80.0,828.85,18.8,47.5,33.8,81.3,80.0,815.05,33.8,41.3,25.0,66.3,80.0,832.88,25.0,36.3,38.8,75.0,80.0,814.79,35.0,47.5,17.5,65.0,4,,,,,,,,parkside,parkside,9,N,N,F,0,1
heritage,ATLANTA PUBLIC SCHOO,72.0,810.08,36.1,59.7,4.2,63.9,72.0,811.6,34.7,55.6,9.7,65.3,72.0,792.04,54.2,40.3,5.6,45.8,72.0,805.5,43.1,41.7,15.3,56.9,72.0,805.92,38.9,58.3,2.8,61.1,4,,,,,,,,heritage acad,heritage,9,N,N,F,0,1
springdale park,ATLANTA PUBLIC SCHOO,53.0,850.57,0.0,45.3,54.7,100.0,53.0,857.85,0.0,39.6,60.4,100.0,53.0,858.62,1.9,39.6,58.5,98.1,53.0,866.66,3.8,20.8,75.5,96.2,53.0,862.45,1.9,32.1,66.0,98.1,4,,,,,,,,springdale pa,springdale park,9,N,N,S,0,0
atlanta preparatory,ATLANTA PUBLIC SCHOO,37.0,822.89,16.2,70.3,13.5,83.8,37.0,826.43,21.6,56.8,21.6,78.4,37.0,812.57,35.1,45.9,18.9,64.9,37.0,812.57,37.8,37.8,24.3,62.2,37.0,804.62,48.6,45.9,5.4,51.4,4,,,,,,,,atlanta prepa,atlanta preparatory,9,N,N,F,0,1
cascade,ATLANTA PUBLIC SCHOO,73.0,822.38,19.2,64.4,16.4,80.8,73.0,829.97,16.4,53.4,30.1,83.6,73.0,815.56,31.5,47.9,20.5,68.5,73.0,833.11,21.9,32.9,45.2,78.1,73.0,814.38,34.2,47.9,17.8,65.8,4,,,,,,,,cascade eleme,cascade,9,N,N,F,0,1
centennial place,ATLANTA PUBLIC SCHOO,68.0,836.41,5.9,60.3,33.8,94.1,68.0,837.99,7.4,47.1,45.6,92.6,70.0,828.54,24.3,48.6,27.1,75.7,70.0,851.86,10.0,38.6,51.4,90.0,68.0,827.34,17.6,50.0,32.4,82.4,4,,,,,,,,centennial pl,centennial place,9,N,N,F,0,1
charles r drew charter,ATLANTA PUBLIC SCHOO,90.0,841.01,4.4,58.9,36.7,95.6,90.0,838.6,5.6,60.0,34.4,94.4,90.0,835.84,14.4,52.2,33.3,85.6,89.0,843.44,15.7,36.0,48.3,84.3,89.0,829.25,19.1,53.9,27.0,80.9,4,,,,,,,,charles r dre,charles r drew charter,9,N,N,F,0,1
hillside,ATLANTA PUBLIC SCHOO,5.0,,,,,,6.0,,,,,,6.0,,,,,,4.0,,,,,,5.0,,,,,,4,,,,,,,,hillside cona,hillside,9,N,Y,S,0,0
perkerson,ATLANTA PUBLIC SCHOO,59.0,808.9,40.7,45.8,13.6,59.3,59.0,814.36,30.5,49.2,20.3,69.5,60.0,796.65,53.3,35.0,11.7,46.7,60.0,796.92,56.7,30.0,13.3,43.3,59.0,791.66,64.4,35.6,0.0,35.6,4,,,,,,,,perkerson ele,perkerson,9,N,N,F,0,1
bolton,ATLANTA PUBLIC SCHOO,77.0,819.25,23.4,62.3,14.3,76.6,77.0,819.16,20.8,61.0,18.2,79.2,77.0,802.45,46.8,41.6,11.7,53.2,78.0,818.5,25.6,48.7,25.6,74.4,77.0,804.22,40.3,55.8,3.9,59.7,4,,,,,,,,bolton academ,bolton,9,N,N,F,0,1
deerwood,ATLANTA PUBLIC SCHOO,130.0,819.18,26.9,54.6,18.5,73.1,130.0,822.38,23.8,55.4,20.8,76.2,130.0,806.14,43.1,43.8,13.1,56.9,130.0,820.03,26.9,46.9,26.2,73.1,130.0,812.76,33.8,54.6,11.5,66.2,4,,,,,,,,deerwood acad,deerwood,9,N,N,F,0,1
burgesspeterson,ATLANTA PUBLIC SCHOO,34.0,827.47,11.8,67.6,20.6,88.2,34.0,828.03,14.7,58.8,26.5,85.3,34.0,824.18,26.5,50.0,23.5,73.5,34.0,856.5,8.8,29.4,61.8,91.2,34.0,814.91,20.6,76.5,2.9,79.4,4,,,,,,,,burgess peter,burgesspeterson,9,N,N,F,0,1
university community,ATLANTA PUBLIC SCHOO,57.0,814.68,26.3,64.9,8.8,73.7,57.0,817.72,29.8,61.4,8.8,70.2,57.0,804.56,42.1,45.6,12.3,57.9,57.0,806.23,43.9,42.1,14.0,56.1,57.0,800.79,45.6,50.9,3.5,54.4,4,,,,,,,,university co,university community,9,N,N,F,0,1
neighborhood charter,ATLANTA PUBLIC SCHOO,57.0,848.51,0.0,50.9,49.1,100.0,57.0,834.25,3.5,61.4,35.1,96.5,57.0,831.21,15.8,54.4,29.8,84.2,57.0,832.47,10.5,61.4,28.1,89.5,57.0,828.07,15.8,64.9,19.3,84.2,4,,,,,,,,neighborhood,neighborhood charter,9,N,N,S,0,0
bazoline usher,ATLANTA PUBLIC SCHOO,71.0,808.82,32.4,60.6,7.0,67.6,71.0,810.97,35.2,50.7,14.1,64.8,71.0,782.65,69.0,28.2,2.8,31.0,71.0,796.18,60.6,33.8,5.6,39.4,71.0,792.44,67.6,31.0,1.4,32.4,4,,,,,,,,bazoline e us,bazoline usher,9,N,N,F,0,1
emma hutchinson,ATLANTA PUBLIC SCHOO,74.0,812.26,28.4,62.2,9.5,71.6,74.0,818.14,20.3,67.6,12.2,79.7,74.0,801.46,44.6,50.0,5.4,55.4,74.0,806.18,41.9,45.9,12.2,58.1,74.0,805.77,40.5,56.8,2.7,59.5,4,,,,,,,,hutchinson el,emma hutchinson,9,N,N,F,0,1
l o kimberly,ATLANTA PUBLIC SCHOO,83.0,812.78,33.7,55.4,10.8,66.3,83.0,814.11,33.7,55.4,10.8,66.3,83.0,803.64,43.4,48.2,8.4,56.6,83.0,805.65,43.4,42.2,14.5,56.6,83.0,796.69,57.8,38.6,3.6,42.2,4,,,,,,,,kimberly,l o kimberly,9,N,N,F,0,1
imagine wesley international,ATLANTA PUBLIC SCHOO,48.0,825.19,12.5,66.7,20.8,87.5,48.0,827.1,16.7,58.3,25.0,83.3,48.0,806.27,47.9,29.2,22.9,52.1,48.0,809.69,33.3,54.2,12.5,66.7,48.0,814.71,22.9,64.6,12.5,77.1,4,,,,,,,,imagine wesle,imagine wesley international,9,N,N,F,0,1
garden hills,ATLANTA PUBLIC SCHOO,77.0,834.47,7.8,70.1,22.1,92.2,77.0,832.36,7.8,63.6,28.6,92.2,77.0,830.32,24.7,42.9,32.5,75.3,77.0,839.96,13.0,50.6,36.4,87.0,77.0,827.57,20.8,58.4,20.8,79.2,4,,,,,,,,garden hills,garden hills,9,N,N,F,0,1
morningside,ATLANTA PUBLIC SCHOO,98.0,852.34,2.0,35.7,62.2,98.0,98.0,851.17,3.1,33.7,63.3,96.9,98.0,860.35,7.1,28.6,64.3,92.9,97.0,874.24,4.1,9.3,86.6,95.9,97.0,851.78,5.2,36.1,58.8,94.8,4,,,,,,,,morningside e,morningside,3,N,N,S,0,0
adamsville,ATLANTA PUBLIC SCHOO,62.0,818.45,22.6,67.7,9.7,77.4,62.0,819.11,19.4,64.5,16.1,80.6,62.0,809.66,37.1,48.4,14.5,62.9,62.0,813.42,33.9,46.8,19.4,66.1,62.0,803.27,45.2,50.0,4.8,54.8,4,,,,,,,,adamsville el,adamsville,9,N,N,F,0,1
connally,ATLANTA PUBLIC SCHOO,74.0,806.47,33.8,59.5,6.8,66.2,74.0,806.84,32.4,62.2,5.4,67.6,74.0,791.45,63.5,35.1,1.4,36.5,74.0,795.42,58.1,35.1,6.8,41.9,74.0,788.74,74.3,25.7,0.0,25.7,4,,,,,,,,connally,connally,9,N,N,F,0,1
east lake,ATLANTA PUBLIC SCHOO,51.0,822.24,17.6,66.7,15.7,82.4,51.0,826.33,19.6,49.0,31.4,80.4,51.0,812.0,39.2,43.1,17.6,60.8,51.0,826.57,21.6,49.0,29.4,78.4,51.0,815.9,23.5,62.7,13.7,76.5,4,,,,,,,,east lake ele,east lake,9,N,N,F,0,1
venetian,ATLANTA PUBLIC SCHOO,68.0,817.57,26.5,55.9,17.6,73.5,69.0,819.46,17.4,66.7,15.9,82.6,69.0,801.81,46.4,43.5,10.1,53.6,69.0,808.35,42.0,37.7,20.3,58.0,69.0,806.83,30.4,66.7,2.9,69.6,4,,,,,,,,venetian hill,venetian,9,N,N,F,0,1
west manor,ATLANTA PUBLIC SCHOO,49.0,834.78,12.2,57.1,30.6,87.8,49.0,840.8,4.1,51.0,44.9,95.9,49.0,826.31,24.5,44.9,30.6,75.5,49.0,845.06,6.1,49.0,44.9,93.9,49.0,818.94,22.4,65.3,12.2,77.6,4,,,,,,,,west manor el,west manor,9,N,N,F,0,1
beecher hills,ATLANTA PUBLIC SCHOO,52.0,828.63,9.6,67.3,23.1,90.4,52.0,831.63,11.5,55.8,32.7,88.5,52.0,806.17,38.5,55.8,5.8,61.5,52.0,819.98,25.0,50.0,25.0,75.0,52.0,820.06,21.2,63.5,15.4,78.8,4,,,,,,,,beecher hills,beecher hills,9,N,N,F,0,1
continental colony,ATLANTA PUBLIC SCHOO,51.0,813.76,27.5,64.7,7.8,72.5,51.0,822.45,25.5,52.9,21.6,74.5,51.0,789.18,68.6,27.5,3.9,31.4,51.0,808.24,37.3,51.0,11.8,62.7,51.0,802.12,47.1,49.0,3.9,52.9,4,,,,,,,,continental c,continental colony,9,N,N,F,0,1
peyton forest,ATLANTA PUBLIC SCHOO,91.0,828.73,13.2,64.8,22.0,86.8,91.0,837.87,6.6,54.9,38.5,93.4,91.0,827.54,23.1,48.4,28.6,76.9,91.0,845.82,9.9,39.6,50.5,90.1,91.0,827.02,18.7,53.8,27.5,81.3,4,,,,,,,,peyton forest,peyton forest,9,N,N,F,0,1
fickett,ATLANTA PUBLIC SCHOO,103.0,822.0,14.6,67.0,18.4,85.4,103.0,825.26,9.7,72.8,17.5,90.3,103.0,809.28,42.7,42.7,14.6,57.3,103.0,815.87,36.9,42.7,20.4,63.1,103.0,805.63,41.7,56.3,1.9,58.3,4,,,,,,,,fickett eleme,fickett,9,N,N,F,0,1
whitefoord,ATLANTA PUBLIC SCHOO,33.0,829.82,6.1,63.6,30.3,93.9,33.0,834.91,0.0,72.7,27.3,100.0,33.0,827.45,15.2,57.6,27.3,84.8,33.0,834.24,9.1,60.6,30.3,90.9,33.0,819.39,21.2,66.7,12.1,78.8,4,,,,,,,,whitefoord el,whitefoord,9,N,N,F,0,1
cleveland avenue,ATLANTA PUBLIC SCHOO,57.0,820.74,21.1,63.2,15.8,78.9,57.0,826.37,10.5,63.2,26.3,89.5,57.0,818.84,28.1,56.1,15.8,71.9,57.0,819.93,21.1,54.4,24.6,78.9,57.0,802.67,50.9,38.6,10.5,49.1,4,,,,,,,,cleveland ele,cleveland avenue,9,N,N,F,0,1
m agnes jones,ATLANTA PUBLIC SCHOO,84.0,823.86,14.3,66.7,19.0,85.7,84.0,824.15,17.9,65.5,16.7,82.1,84.0,810.1,40.5,41.7,17.9,59.5,84.0,814.08,32.1,50.0,17.9,67.9,84.0,802.56,42.9,53.6,3.6,57.1,4,,,,,,,,m a jones ele,m agnes jones,9,N,N,F,0,1
benteen,ATLANTA PUBLIC SCHOO,35.0,828.57,11.4,68.6,20.0,88.6,35.0,830.66,8.6,74.3,17.1,91.4,35.0,820.86,25.7,54.3,20.0,74.3,35.0,819.66,22.9,57.1,20.0,77.1,35.0,819.63,20.0,71.4,8.6,80.0,4,,,,,,,,benteen eleme,benteen,9,N,N,F,0,1
capitol view,ATLANTA PUBLIC SCHOO,40.0,833.95,12.5,55.0,32.5,87.5,40.0,836.6,12.5,47.5,40.0,87.5,40.0,822.23,30.0,40.0,30.0,70.0,40.0,832.0,17.5,47.5,35.0,82.5,40.0,821.15,20.0,67.5,12.5,80.0,4,,,,,,,,capitol view,capitol view,9,N,N,F,0,1
daniel h stanton,ATLANTA PUBLIC SCHOO,54.0,817.43,29.6,51.9,18.5,70.4,54.0,822.57,22.2,53.7,24.1,77.8,54.0,804.0,42.6,48.1,9.3,57.4,54.0,818.63,25.9,44.4,29.6,74.1,54.0,800.85,53.7,37.0,9.3,46.3,4,,,,,,,,d h stanton e,daniel h stanton,9,N,N,F,0,1
thomasville heights,ATLANTA PUBLIC SCHOO,59.0,818.36,20.3,62.7,16.9,79.7,59.0,824.97,20.3,55.9,23.7,79.7,59.0,796.53,52.5,44.1,3.4,47.5,59.0,816.85,30.5,42.4,27.1,69.5,59.0,810.93,40.7,50.8,8.5,59.3,4,,,,,,,,thomasville h,thomasville heights,9,N,N,F,0,1
grove park,ATLANTA PUBLIC SCHOO,74.0,804.45,39.2,54.1,6.8,60.8,73.0,801.85,46.6,46.6,6.8,53.4,75.0,792.32,60.0,32.0,8.0,40.0,75.0,804.89,42.7,41.3,16.0,57.3,73.0,794.95,57.5,41.1,1.4,42.5,4,,,,,,,,grove park el,grove park,9,N,N,F,0,1
joseph humphries,ATLANTA PUBLIC SCHOO,56.0,821.23,14.3,75.0,10.7,85.7,56.0,823.84,17.9,60.7,21.4,82.1,56.0,813.16,42.9,35.7,21.4,57.1,56.0,813.46,39.3,48.2,12.5,60.7,56.0,795.45,57.1,42.9,0.0,42.9,4,,,,,,,,humphries ele,joseph humphries,9,N,N,F,0,1
f lstanton,ATLANTA PUBLIC SCHOO,47.0,823.94,14.9,66.0,19.1,85.1,47.0,828.32,17.0,63.8,19.1,83.0,47.0,810.11,27.7,66.0,6.4,72.3,47.0,817.0,23.4,59.6,17.0,76.6,47.0,809.32,34.0,61.7,4.3,66.0,4,,,,,,,,f l stanton,f lstanton,9,N,N,F,0,1
parkside,ATLANTA PUBLIC SCHOO,,822.51,19.0,63.0,18.0,81.0,,834.41,14.0,51.0,35.0,86.0,,828.83,18.0,52.0,30.0,82.0,,818.87,,45.0,26.0,71.0,,822.04,,46.0,22.0,68.0,5,100.0,100.0,100.0,100.0,29.0,100.0,32.0,parkside,parkside,9,N,N,F,0,1
heritage,ATLANTA PUBLIC SCHOO,,815.14,19.4,72.2,8.3,80.6,,826.01,11.1,72.2,16.7,88.9,,808.39,41.7,43.1,15.3,58.3,,810.17,,45.8,16.7,62.5,,810.61,,56.9,8.3,65.3,5,72.0,72.0,72.0,72.0,37.5,72.0,34.7,heritage acad,heritage,9,N,N,F,0,1
kipp strive charter,ATLANTA PUBLIC SCHOO,,829.58,9.5,70.2,20.2,90.5,,845.6,8.3,34.5,57.1,91.7,,832.25,17.9,51.2,31.0,82.1,,821.36,,47.6,25.0,72.6,,830.33,,47.6,27.4,75.0,5,84.0,84.0,84.0,84.0,27.4,84.0,25.0,kipp strive a,kipp strive charter,9,N,N,F,0,1
atlanta preparatory,ATLANTA PUBLIC SCHOO,,820.29,11.8,70.6,17.6,88.2,,825.82,5.9,82.4,11.8,94.1,,820.18,23.5,52.9,23.5,76.5,,807.47,,41.2,17.6,58.8,,792.41,,41.2,0.0,41.2,5,17.0,17.0,17.0,17.0,41.2,17.0,58.8,atlanta prepa,atlanta preparatory,9,N,N,F,0,1
cascade,ATLANTA PUBLIC SCHOO,,811.31,26.9,69.2,3.8,73.1,,817.88,23.1,65.4,11.5,76.9,,803.79,48.1,42.3,9.6,51.9,,801.56,,46.2,13.5,59.6,,801.1,,44.2,3.8,48.1,5,52.0,52.0,52.0,52.0,40.4,52.0,51.9,cascade eleme,cascade,9,N,N,F,0,1
centennial place,ATLANTA PUBLIC SCHOO,,825.47,12.8,66.7,20.5,87.2,,834.09,11.5,55.1,33.3,88.5,,820.53,32.1,43.6,24.4,67.9,,825.31,,46.2,30.8,76.9,,825.4,,46.2,26.9,73.1,5,78.0,78.0,78.0,78.0,23.1,78.0,26.9,centennial pl,centennial place,9,N,N,F,0,1
charles r drew charter,ATLANTA PUBLIC SCHOO,,834.96,1.4,72.9,25.7,98.6,,840.96,1.4,60.0,38.6,98.6,,859.37,1.4,41.4,57.1,98.6,,852.71,,38.6,55.7,94.3,,853.26,,38.6,57.1,95.7,5,70.0,70.0,70.0,70.0,5.7,70.0,4.3,charles r dre,charles r drew charter,9,N,N,F,0,1
hillside,ATLANTA PUBLIC SCHOO,,,,,,,,,,,,,,,,,,,,,,,,,,,,,,,5,6.0,6.0,6.0,6.0,,6.0,,hillside cona,hillside,9,N,Y,S,0,0
perkerson,ATLANTA PUBLIC SCHOO,,800.41,48.3,50.0,1.7,51.7,,816.5,24.1,65.5,10.3,75.9,,803.88,43.1,48.3,8.6,56.9,,790.1,,31.0,3.4,34.5,,790.5,,29.3,3.4,32.8,5,58.0,58.0,58.0,58.0,65.5,58.0,67.2,perkerson ele,perkerson,9,N,N,F,0,1
bolton,ATLANTA PUBLIC SCHOO,,817.2,20.0,68.3,11.7,80.0,,824.57,13.3,68.3,18.3,86.7,,809.61,36.1,52.5,11.5,63.9,,814.75,,46.7,20.0,66.7,,812.15,,70.0,5.0,75.0,5,60.0,60.0,61.0,60.0,33.3,60.0,25.0,bolton academ,bolton,9,N,N,F,0,1
deerwood,ATLANTA PUBLIC SCHOO,,821.64,14.9,67.0,18.1,85.1,,833.94,12.8,53.2,34.0,87.2,,830.48,26.6,40.4,33.0,73.4,,838.66,,41.5,42.6,84.0,,833.84,,43.6,38.3,81.9,5,94.0,94.0,94.0,94.0,16.0,94.0,18.1,deerwood acad,deerwood,9,N,N,F,0,1
burgesspeterson,ATLANTA PUBLIC SCHOO,,824.41,15.6,75.0,9.4,84.4,,834.94,6.3,50.0,43.8,93.8,,814.47,31.3,53.1,15.6,68.8,,833.34,,40.6,34.4,75.0,,818.09,,62.5,12.5,75.0,5,32.0,32.0,32.0,32.0,25.0,32.0,25.0,burgess peter,burgesspeterson,9,N,N,F,0,1
university community,ATLANTA PUBLIC SCHOO,,806.11,37.0,63.0,0.0,63.0,,817.07,33.3,48.1,18.5,66.7,,798.15,48.1,44.4,7.4,51.9,,793.96,,37.0,3.7,40.7,,796.52,,37.0,3.7,40.7,5,27.0,27.0,27.0,27.0,59.3,27.0,59.3,university co,university community,9,N,N,F,0,1
neighborhood charter,ATLANTA PUBLIC SCHOO,,837.52,2.2,71.7,26.1,97.8,,832.72,8.7,65.2,26.1,91.3,,835.96,15.2,47.8,37.0,84.8,,835.76,,54.3,34.8,89.1,,827.93,,71.7,19.6,91.3,5,46.0,46.0,46.0,46.0,10.9,46.0,8.7,neighborhood,neighborhood charter,9,N,N,S,0,0
bazoline usher,ATLANTA PUBLIC SCHOO,,812.08,18.5,78.5,3.1,81.5,,826.74,7.7,76.9,15.4,92.3,,805.05,41.5,49.2,9.2,58.5,,793.35,,38.5,4.6,43.1,,792.35,,32.3,1.5,33.8,5,65.0,65.0,65.0,65.0,56.9,65.0,66.2,bazoline e us,bazoline usher,9,N,N,F,0,1
kipp ways,ATLANTA PUBLIC SCHOO,,825.02,6.0,77.1,16.9,94.0,,833.12,6.0,68.7,25.3,94.0,,804.8,45.8,45.8,8.4,54.2,,816.8,,59.0,16.9,75.9,,836.06,,50.6,33.7,84.3,5,83.0,83.0,83.0,83.0,24.1,83.0,15.7,kipp west atl,kipp ways,9,N,N,F,0,1
emma hutchinson,ATLANTA PUBLIC SCHOO,,808.89,31.0,67.6,1.4,69.0,,822.65,22.5,53.5,23.9,77.5,,802.66,47.9,45.1,7.0,52.1,,794.34,,39.4,5.6,45.1,,793.35,,35.2,1.4,36.6,5,71.0,71.0,71.0,71.0,54.9,71.0,63.4,hutchinson el,emma hutchinson,9,N,N,F,0,1
l o kimberly,ATLANTA PUBLIC SCHOO,,815.31,21.9,71.9,6.3,78.1,,824.77,21.9,51.6,26.6,78.1,,812.14,42.2,39.1,18.8,57.8,,807.47,,43.8,12.5,56.3,,809.55,,39.1,14.1,53.1,5,64.0,64.0,64.0,64.0,43.8,64.0,46.9,kimberly,l o kimberly,9,N,N,F,0,1
imagine wesley international,ATLANTA PUBLIC SCHOO,,823.86,20.9,60.5,18.6,79.1,,839.35,9.3,48.8,41.9,90.7,,824.72,20.9,51.2,27.9,79.1,,811.86,,51.2,16.3,67.4,,810.6,,44.2,14.0,58.1,5,43.0,43.0,43.0,43.0,32.6,43.0,41.9,imagine wesle,imagine wesley international,9,N,N,F,0,1
garden hills,ATLANTA PUBLIC SCHOO,,834.35,11.3,53.8,35.0,88.8,,839.95,8.8,46.3,45.0,91.3,,838.1,22.5,40.0,37.5,77.5,,835.39,,37.5,41.3,78.8,,832.55,,42.5,37.5,80.0,5,80.0,80.0,80.0,80.0,21.3,80.0,20.0,garden hills,garden hills,9,N,N,F,0,1
morningside,ATLANTA PUBLIC SCHOO,,858.79,2.1,30.3,67.6,97.9,,867.77,2.1,21.4,76.6,97.9,,874.97,4.1,17.9,77.9,95.9,,887.81,,15.2,81.4,96.6,,863.85,,26.2,70.3,96.6,5,145.0,145.0,145.0,145.0,3.4,145.0,3.4,morningside e,morningside,3,N,N,S,0,0
adamsville,ATLANTA PUBLIC SCHOO,,817.12,23.8,64.3,11.9,76.2,,829.76,7.3,65.9,26.8,92.7,,805.07,54.8,28.6,16.7,45.2,,806.9,,46.3,12.2,58.5,,804.68,,39.0,7.3,46.3,5,42.0,41.0,42.0,41.0,41.5,41.0,53.7,adamsville el,adamsville,9,N,N,F,0,1
connally,ATLANTA PUBLIC SCHOO,,802.78,37.5,61.1,1.4,62.5,,815.03,20.8,68.1,11.1,79.2,,807.1,40.3,47.2,12.5,59.7,,788.71,,34.7,4.2,38.9,,790.13,,29.2,0.0,29.2,5,72.0,72.0,72.0,72.0,61.1,72.0,70.8,connally,connally,9,N,N,F,0,1
east lake,ATLANTA PUBLIC SCHOO,,811.36,15.4,79.5,5.1,84.6,,824.46,12.8,66.7,20.5,87.2,,807.74,41.0,46.2,12.8,59.0,,804.0,,46.2,10.3,56.4,,803.51,,41.0,7.7,48.7,5,39.0,39.0,39.0,39.0,43.6,39.0,51.3,east lake ele,east lake,9,N,N,F,0,1
venetian,ATLANTA PUBLIC SCHOO,,813.46,24.6,69.6,5.8,75.4,,822.33,20.3,62.3,17.4,79.7,,820.99,32.4,45.6,22.1,67.6,,800.55,,29.0,15.9,44.9,,793.83,,30.4,4.3,34.8,5,69.0,69.0,68.0,69.0,55.1,69.0,65.2,venetian hill,venetian,9,N,N,F,0,1
west manor,ATLANTA PUBLIC SCHOO,,840.23,5.8,55.8,38.5,94.2,,849.75,3.8,34.6,61.5,96.2,,875.63,3.8,23.1,73.1,96.2,,844.06,,42.3,50.0,92.3,,847.46,,36.5,53.8,90.4,5,52.0,52.0,52.0,52.0,7.7,52.0,9.6,west manor el,west manor,9,N,N,F,0,1
beecher hills,ATLANTA PUBLIC SCHOO,,821.05,12.5,75.0,12.5,87.5,,833.6,15.0,60.0,25.0,85.0,,816.53,35.0,55.0,10.0,65.0,,817.45,,35.0,30.0,65.0,,808.45,,50.0,5.0,55.0,5,40.0,40.0,40.0,40.0,35.0,40.0,45.0,beecher hills,beecher hills,9,N,N,F,0,1
continental colony,ATLANTA PUBLIC SCHOO,,814.85,23.9,69.6,6.5,76.1,,835.87,4.3,58.7,37.0,95.7,,815.93,34.8,47.8,17.4,65.2,,823.3,,54.3,21.7,76.1,,797.15,,32.6,4.3,37.0,5,46.0,46.0,46.0,46.0,23.9,46.0,63.0,continental c,continental colony,9,N,N,F,0,1
peyton forest,ATLANTA PUBLIC SCHOO,,820.81,13.6,81.4,5.1,86.4,,834.69,6.8,66.1,27.1,93.2,,827.88,16.9,50.8,32.2,83.1,,831.93,,37.3,42.4,79.7,,820.2,,54.2,16.9,71.2,5,59.0,59.0,59.0,59.0,20.3,59.0,28.8,peyton forest,peyton forest,9,N,N,F,0,1
fickett,ATLANTA PUBLIC SCHOO,,818.19,20.8,64.6,14.6,79.2,,830.11,15.6,53.1,31.3,84.4,,829.35,17.7,55.2,27.1,82.3,,817.03,,49.0,20.8,69.8,,821.41,,42.7,22.9,65.6,5,96.0,96.0,96.0,96.0,30.2,96.0,34.4,fickett eleme,fickett,9,N,N,F,0,1
whitefoord,ATLANTA PUBLIC SCHOO,,820.61,12.2,79.6,8.2,87.8,,834.47,8.2,63.3,28.6,91.8,,813.53,26.5,61.2,12.2,73.5,,808.84,,59.2,8.2,67.3,,815.55,,65.3,8.2,73.5,5,49.0,49.0,49.0,49.0,32.7,49.0,26.5,whitefoord el,whitefoord,9,N,N,F,0,1
cleveland avenue,ATLANTA PUBLIC SCHOO,,817.85,14.5,75.8,9.7,85.5,,831.66,8.1,66.1,25.8,91.9,,836.9,17.7,46.8,35.5,82.3,,815.56,,51.6,19.4,71.0,,804.02,,54.8,1.6,56.5,5,62.0,62.0,62.0,62.0,29.0,62.0,43.5,cleveland ele,cleveland avenue,9,N,N,F,0,1
m agnes jones,ATLANTA PUBLIC SCHOO,,813.37,28.0,64.6,7.3,72.0,,824.66,18.3,62.2,19.5,81.7,,819.49,32.9,40.2,26.8,67.1,,815.38,,46.3,22.0,68.3,,816.96,,53.7,13.4,67.1,5,82.0,82.0,82.0,82.0,31.7,82.0,32.9,m a jones ele,m agnes jones,9,N,N,F,0,1
benteen,ATLANTA PUBLIC SCHOO,,817.47,15.7,82.4,2.0,84.3,,819.98,7.8,84.3,7.8,92.2,,805.65,41.2,49.0,9.8,58.8,,806.53,,51.0,5.9,56.9,,802.14,,52.9,2.0,54.9,5,51.0,51.0,51.0,51.0,43.1,51.0,45.1,benteen eleme,benteen,9,N,N,F,0,1
capitol view,ATLANTA PUBLIC SCHOO,,822.81,9.4,81.3,9.4,90.6,,836.72,15.6,40.6,43.8,84.4,,815.28,31.3,46.9,21.9,68.8,,817.03,,56.3,15.6,71.9,,820.06,,53.1,21.9,75.0,5,32.0,32.0,32.0,32.0,28.1,32.0,25.0,capitol view,capitol view,9,N,N,F,0,1
daniel h stanton,ATLANTA PUBLIC SCHOO,,812.51,23.7,74.6,1.7,76.3,,825.02,11.9,74.6,13.6,88.1,,808.75,39.0,45.8,15.3,61.0,,809.92,,50.8,13.6,64.4,,802.0,,50.8,1.7,52.5,5,59.0,59.0,59.0,59.0,35.6,59.0,47.5,d h stanton e,daniel h stanton,9,N,N,F,0,1
thomasville heights,ATLANTA PUBLIC SCHOO,,802.73,41.2,56.9,2.0,58.8,,813.45,27.5,62.7,9.8,72.5,,795.98,58.8,31.4,9.8,41.2,,791.94,,31.4,9.8,41.2,,798.16,,35.3,5.9,41.2,5,51.0,51.0,51.0,51.0,58.8,51.0,58.8,thomasville h,thomasville heights,9,N,N,F,0,1
grove park,ATLANTA PUBLIC SCHOO,,799.46,47.5,52.5,0.0,52.5,,810.66,36.1,55.7,8.2,63.9,,786.89,65.6,32.8,1.6,34.4,,789.61,,34.4,4.9,39.3,,793.22,,38.3,0.0,38.3,5,61.0,61.0,61.0,61.0,60.7,60.0,61.7,grove park el,grove park,9,N,N,F,0,1
joseph humphries,ATLANTA PUBLIC SCHOO,,813.69,20.4,68.5,11.1,79.6,,824.98,16.7,53.7,29.6,83.3,,807.67,48.1,37.0,14.8,51.9,,815.72,,48.1,20.4,68.5,,806.81,,55.6,7.4,63.0,5,54.0,54.0,54.0,54.0,31.5,54.0,37.0,humphries ele,joseph humphries,9,N,N,F,0,1
f lstanton,ATLANTA PUBLIC SCHOO,,807.09,33.3,66.7,0.0,66.7,,817.81,24.6,63.2,12.3,75.4,,793.96,54.4,40.4,5.3,45.6,,795.89,,42.1,5.3,47.4,,792.96,,35.1,0.0,35.1,5,57.0,57.0,57.0,57.0,52.6,57.0,64.9,f l stanton,f lstanton,9,N,N,F,0,1
je brown middle,ATLANTA PUBLIC SCHOO,,828.19,17.2,52.2,30.5,82.8,,828.91,9.9,71.9,18.2,90.1,,813.11,35.0,53.2,11.8,65.0,,804.3,,46.8,6.4,53.2,,813.07,,37.4,20.7,58.1,6,203.0,203.0,203.0,203.0,46.8,203.0,41.9,brown middle,je brown middle,9,N,N,F,0,1
young middle saturday,ATLANTA PUBLIC SCHOO,,820.87,16.3,66.5,17.2,83.7,,823.8,15.8,68.0,16.3,84.2,,802.03,49.8,46.3,3.9,50.2,,794.34,,36.5,1.0,37.4,,785.0,,25.6,2.5,28.1,6,203.0,203.0,203.0,203.0,62.6,203.0,71.9,long middle s,young middle saturday,9,N,N,F,0,1
ralph bunche middle,ATLANTA PUBLIC SCHOO,,828.23,11.7,62.2,26.1,88.3,,837.36,6.0,59.0,35.0,94.0,,816.7,24.9,61.2,13.9,75.1,,817.9,,54.4,16.3,70.7,,828.48,,39.9,33.2,73.1,6,283.0,283.0,281.0,283.0,29.3,283.0,26.9,bunche middle,ralph bunche middle,9,N,N,F,0,1
sylvan middle,ATLANTA PUBLIC SCHOO,,821.73,15.8,71.9,12.3,84.2,,828.47,11.6,69.2,19.2,88.4,,805.22,44.5,50.7,4.8,55.5,,811.26,,61.6,6.2,67.8,,813.71,,38.6,22.8,61.4,6,146.0,146.0,146.0,146.0,32.2,145.0,38.6,sylvan hills,sylvan middle,9,N,N,F,0,1
best middle,ATLANTA PUBLIC SCHOO,,821.78,17.6,67.1,15.3,82.4,,823.79,21.2,65.9,12.9,78.8,,808.36,38.8,51.8,9.4,61.2,,799.22,,50.6,1.2,51.8,,780.34,,21.2,0.0,21.2,6,85.0,85.0,85.0,85.0,48.2,85.0,78.8,turner middle,best middle,9,N,N,F,0,1
charles r drew charter,ATLANTA PUBLIC SCHOO,,833.15,7.4,67.0,25.5,92.6,,831.63,3.2,80.9,16.0,96.8,,819.22,18.1,69.1,12.8,81.9,,808.15,,56.4,7.4,63.8,,852.23,,39.4,51.1,90.4,6,94.0,94.0,94.0,94.0,36.2,94.0,9.6,charles r dre,charles r drew charter,9,N,N,F,0,1
atlanta charter middle,ATLANTA PUBLIC SCHOO,,839.92,5.6,51.4,43.1,94.4,,839.93,1.4,65.3,33.3,98.6,,819.85,23.6,59.7,16.7,76.4,,819.64,,63.9,11.1,75.0,,812.32,,44.4,16.7,61.1,6,72.0,72.0,72.0,72.0,25.0,72.0,38.9,atlanta chart,atlanta charter middle,9,N,N,S,0,0
hillside,ATLANTA PUBLIC SCHOO,,,,,,,,,,,,,,,,,,,,,,,,,,,,,,,6,5.0,5.0,5.0,4.0,,5.0,,hillside cona,hillside,9,N,Y,S,0,0
young middle saturday,ATLANTA PUBLIC SCHOO,,830.31,13.5,53.0,33.5,86.5,,834.36,8.7,63.4,27.9,91.3,,803.15,49.2,45.9,4.9,50.8,,812.34,,54.6,9.2,63.8,,800.19,,29.7,13.5,43.2,6,185.0,183.0,185.0,185.0,36.2,185.0,56.8,young middle,young middle saturday,9,N,N,F,0,1
parks middle,ATLANTA PUBLIC SCHOO,,819.03,25.1,57.1,17.8,74.9,,820.33,17.3,71.2,11.5,82.7,,800.35,52.9,42.4,4.7,47.1,,795.62,,39.3,2.1,41.4,,784.98,,24.2,3.2,27.4,6,191.0,191.0,191.0,191.0,58.6,190.0,72.6,price middle,parks middle,9,N,N,F,0,1
young middle saturday,ATLANTA PUBLIC SCHOO,,818.39,20.8,63.4,15.7,79.2,,822.6,16.7,70.2,13.0,83.3,,801.47,48.1,48.1,3.7,51.9,,796.94,,37.7,2.3,40.0,,801.93,,32.6,10.7,43.3,6,216.0,215.0,216.0,215.0,60.0,215.0,56.7,king middle s,young middle saturday,9,N,N,F,0,1
forrest hills,ATLANTA PUBLIC SCHOO,,809.78,30.0,62.0,8.0,70.0,,813.2,24.0,76.0,0.0,76.0,,791.62,70.0,30.0,0.0,30.0,,784.12,,18.0,0.0,18.0,,767.44,,10.0,0.0,10.0,6,50.0,50.0,50.0,50.0,82.0,50.0,90.0,aps forrest h,forrest hills,9,N,N,F,0,1
university community,ATLANTA PUBLIC SCHOO,,815.4,24.0,66.0,10.0,76.0,,817.42,20.0,76.0,4.0,80.0,,800.74,52.0,44.0,4.0,48.0,,788.86,,24.0,0.0,24.0,,769.1,,8.0,0.0,8.0,6,50.0,50.0,50.0,50.0,76.0,50.0,92.0,university co,university community,9,N,N,F,0,1
harperarcher middle,ATLANTA PUBLIC SCHOO,,815.0,24.5,65.0,10.5,75.5,,816.83,18.6,75.9,5.5,81.4,,794.76,66.7,31.5,1.8,33.3,,790.3,,28.2,0.5,28.6,,776.73,,15.9,1.4,17.3,6,220.0,220.0,219.0,220.0,71.4,220.0,82.7,harper archer,harperarcher middle,9,N,N,F,0,1
kipp ways,ATLANTA PUBLIC SCHOO,,839.77,2.2,61.5,36.3,97.8,,842.07,2.2,59.3,38.5,97.8,,820.07,20.9,65.9,13.2,79.1,,825.7,,69.2,18.7,87.9,,851.84,,36.3,50.5,86.8,6,91.0,91.0,91.0,91.0,12.1,91.0,13.2,kipp west atl,kipp ways,9,N,N,F,0,1
imagine wesley international,ATLANTA PUBLIC SCHOO,,838.4,2.0,66.0,32.0,98.0,,837.56,4.0,68.0,28.0,96.0,,814.28,24.0,68.0,8.0,76.0,,802.52,,52.0,2.0,54.0,,811.92,,46.0,20.0,66.0,6,50.0,50.0,50.0,50.0,46.0,50.0,34.0,imagine wesle,imagine wesley international,9,N,N,F,0,1
samuel inman middle,ATLANTA PUBLIC SCHOO,,851.87,3.5,33.9,62.6,96.5,,849.68,3.4,44.5,52.1,96.6,,843.84,12.8,42.8,44.5,87.2,,845.31,,43.4,46.6,90.0,,862.75,,27.9,56.9,84.8,6,289.0,290.0,290.0,290.0,10.0,290.0,15.2,inman middle,samuel inman middle,9,N,N,S,0,0
best middle,ATLANTA PUBLIC SCHOO,,839.58,7.3,50.8,42.0,92.8,,836.09,7.5,61.3,31.3,92.5,,830.31,22.0,46.8,31.3,78.0,,823.06,,49.0,23.3,72.3,,841.95,,33.3,42.1,75.4,6,400.0,400.0,400.0,400.0,27.8,399.0,24.6,sutton middle,best middle,9,N,N,F,0,1
coan middle saturday,ATLANTA PUBLIC SCHOO,,823.98,11.1,71.8,17.1,88.9,,823.61,11.1,77.8,11.1,88.9,,803.42,41.9,56.4,1.7,58.1,,794.62,,35.0,0.0,35.0,,782.66,,22.4,0.9,23.3,6,117.0,117.0,117.0,117.0,65.0,116.0,76.7,coan middle s,coan middle saturday,9,N,N,F,0,1
john f kennedy middle,ATLANTA PUBLIC SCHOO,,826.02,14.3,64.8,21.0,85.7,,826.48,7.6,78.1,14.3,92.4,,809.25,44.8,44.8,10.5,55.2,,792.46,,27.6,1.0,28.6,,782.64,,20.0,2.9,22.9,6,105.0,105.0,105.0,105.0,71.4,105.0,77.1,kennedy middl,john f kennedy middle,9,N,N,F,0,1
parks middle,ATLANTA PUBLIC SCHOO,,824.91,15.5,64.9,19.6,84.5,,831.98,4.7,71.6,23.6,95.3,,807.82,43.9,45.9,10.1,56.1,,797.45,,42.6,1.4,43.9,,792.16,,33.1,4.1,37.2,6,148.0,148.0,148.0,148.0,56.1,148.0,62.8,parks middle,parks middle,9,N,N,F,0,1
je brown middle,ATLANTA PUBLIC SCHOO,,820.45,14.5,75.4,10.1,85.5,,830.87,6.8,65.2,28.0,93.2,,825.65,17.5,59.7,22.8,82.5,,823.3,,65.7,15.0,80.7,,820.52,,56.0,18.8,74.9,7,207.0,207.0,206.0,207.0,19.3,207.0,25.1,brown middle,je brown middle,9,N,N,F,0,1
young middle saturday,ATLANTA PUBLIC SCHOO,,815.94,19.5,74.0,6.5,80.5,,827.37,14.8,62.7,22.5,85.2,,820.24,30.2,52.1,17.8,69.8,,827.4,,52.7,27.2,79.9,,802.27,,43.8,8.9,52.7,7,169.0,169.0,169.0,169.0,20.1,169.0,47.3,long middle s,young middle saturday,9,N,N,F,0,1
ralph bunche middle,ATLANTA PUBLIC SCHOO,,818.21,14.6,75.2,10.2,85.4,,832.34,10.9,57.8,31.3,89.1,,829.85,16.0,53.4,30.6,84.0,,816.4,,55.8,13.6,69.4,,802.71,,39.1,9.2,48.3,7,294.0,294.0,294.0,294.0,30.6,294.0,51.7,bunche middle,ralph bunche middle,9,N,N,F,0,1
sylvan middle,ATLANTA PUBLIC SCHOO,,817.7,13.9,76.2,9.8,86.1,,828.51,9.8,66.4,23.8,90.2,,817.64,27.0,57.4,15.6,73.0,,811.81,,43.4,15.6,59.0,,798.66,,29.5,10.7,40.2,7,122.0,122.0,122.0,122.0,41.0,122.0,59.8,sylvan hills,sylvan middle,9,N,N,F,0,1
best middle,ATLANTA PUBLIC SCHOO,,813.28,23.5,69.1,7.4,76.5,,823.25,13.6,70.4,16.0,86.4,,816.63,25.9,60.5,13.6,74.1,,811.33,,61.7,7.4,69.1,,785.59,,28.4,1.2,29.6,7,81.0,81.0,81.0,81.0,30.9,81.0,70.4,turner middle,best middle,9,N,N,F,0,1
charles r drew charter,ATLANTA PUBLIC SCHOO,,828.73,7.1,74.5,18.4,92.9,,838.19,2.0,62.2,35.7,98.0,,835.14,2.0,71.4,26.5,98.0,,838.22,,50.0,38.8,88.8,,834.91,,51.0,34.7,85.7,7,98.0,98.0,98.0,98.0,11.2,98.0,14.3,charles r dre,charles r drew charter,9,N,N,F,0,1
atlanta charter middle,ATLANTA PUBLIC SCHOO,,836.14,4.1,65.3,30.6,95.9,,837.9,4.1,65.3,30.6,95.9,,835.06,8.2,59.2,32.7,91.8,,831.08,,61.2,22.4,83.7,,810.82,,69.4,6.1,75.5,7,49.0,49.0,49.0,49.0,16.3,49.0,24.5,atlanta chart,atlanta charter middle,9,N,N,S,0,0
hillside,ATLANTA PUBLIC SCHOO,,805.0,50.0,40.0,10.0,50.0,,,,,,,,,,,,,,,,,,,,,,,,,7,10.0,9.0,9.0,9.0,,8.0,,hillside cona,hillside,9,N,Y,S,0,0
young middle saturday,ATLANTA PUBLIC SCHOO,,822.92,14.7,65.4,19.8,85.3,,835.14,9.2,56.2,34.6,90.8,,824.77,20.8,54.6,24.5,79.2,,827.41,,47.9,27.6,75.6,,816.62,,31.3,27.2,58.5,7,217.0,217.0,216.0,217.0,24.4,217.0,41.5,young middle,young middle saturday,9,N,N,F,0,1
parks middle,ATLANTA PUBLIC SCHOO,,810.39,30.3,64.2,5.5,69.7,,823.28,20.6,60.0,19.4,79.4,,810.3,37.8,50.0,12.2,62.2,,820.36,,50.9,20.9,71.8,,786.15,,25.8,4.3,30.1,7,165.0,165.0,164.0,163.0,28.2,163.0,69.9,price middle,parks middle,9,N,N,F,0,1
young middle saturday,ATLANTA PUBLIC SCHOO,,810.66,23.8,72.5,3.7,76.2,,822.07,14.3,69.3,16.4,85.7,,807.63,41.6,50.5,7.9,58.4,,801.29,,39.5,6.3,45.8,,787.69,,30.2,2.1,32.3,7,189.0,189.0,190.0,190.0,54.2,189.0,67.7,king middle s,young middle saturday,9,N,N,F,0,1
forrest hills,ATLANTA PUBLIC SCHOO,,802.74,41.7,57.1,1.2,58.3,,808.82,29.8,66.7,3.6,70.2,,792.9,67.5,31.3,1.2,32.5,,787.83,,25.6,1.2,26.8,,772.94,,17.1,0.0,17.1,7,84.0,84.0,83.0,82.0,73.2,82.0,82.9,aps forrest h,forrest hills,9,N,N,F,0,1
university community,ATLANTA PUBLIC SCHOO,,816.72,14.8,79.6,5.6,85.2,,826.65,3.7,81.5,14.8,96.3,,815.22,24.1,64.8,11.1,75.9,,804.39,,50.0,3.7,53.7,,789.02,,25.9,3.7,29.6,7,54.0,54.0,54.0,54.0,46.3,54.0,70.4,university co,university community,9,N,N,F,0,1
harperarcher middle,ATLANTA PUBLIC SCHOO,,811.97,27.0,64.9,8.1,73.0,,819.52,19.5,67.0,13.5,80.5,,810.08,38.9,51.4,9.7,61.1,,805.46,,45.9,8.1,54.1,,787.14,,28.1,3.8,31.9,7,185.0,185.0,185.0,185.0,45.9,185.0,68.1,harper archer,harperarcher middle,9,N,N,F,0,1
kipp ways,ATLANTA PUBLIC SCHOO,,833.4,2.9,72.9,24.3,97.1,,850.31,0.0,37.1,62.9,100.0,,849.04,1.4,50.0,48.6,98.6,,841.73,,57.1,38.6,95.7,,856.61,,40.0,58.6,98.6,7,70.0,70.0,70.0,70.0,4.3,70.0,1.4,kipp west atl,kipp ways,9,N,N,F,0,1
imagine wesley international,ATLANTA PUBLIC SCHOO,,820.58,15.2,69.7,15.2,84.8,,828.85,12.1,57.6,30.3,87.9,,814.7,33.3,57.6,9.1,66.7,,824.45,,45.5,27.3,72.7,,810.67,,45.5,18.2,63.6,7,33.0,33.0,33.0,33.0,27.3,33.0,36.4,imagine wesle,imagine wesley international,9,N,N,F,0,1
samuel inman middle,ATLANTA PUBLIC SCHOO,,842.9,6.6,48.1,45.3,93.4,,855.23,3.1,32.2,64.7,96.9,,855.75,7.0,38.8,54.3,93.0,,859.09,,32.9,62.4,95.3,,863.31,,28.7,61.6,90.3,7,258.0,258.0,258.0,258.0,4.7,258.0,9.7,inman middle,samuel inman middle,9,N,N,S,0,0
best middle,ATLANTA PUBLIC SCHOO,,834.16,10.9,54.1,35.0,89.1,,840.63,9.1,46.3,44.7,90.9,,842.37,14.1,45.3,40.6,85.9,,844.09,,40.9,45.9,86.9,,838.02,,36.6,39.1,75.6,7,320.0,320.0,320.0,320.0,13.1,320.0,24.4,sutton middle,best middle,9,N,N,F,0,1
coan middle saturday,ATLANTA PUBLIC SCHOO,,813.07,25.7,65.1,9.2,74.3,,824.48,16.5,64.2,19.3,83.5,,815.74,31.2,56.9,11.9,68.8,,808.84,,43.1,11.9,55.0,,797.65,,39.4,5.5,45.0,7,109.0,109.0,109.0,109.0,45.0,109.0,55.0,coan middle s,coan middle saturday,9,N,N,F,0,1
john f kennedy middle,ATLANTA PUBLIC SCHOO,,812.8,22.4,73.8,3.7,77.6,,826.29,10.3,71.0,18.7,89.7,,818.79,24.3,62.6,13.1,75.7,,807.82,,45.8,8.4,54.2,,804.76,,41.1,8.4,49.5,7,107.0,107.0,107.0,107.0,45.8,107.0,50.5,kennedy middl,john f kennedy middle,9,N,N,F,0,1
parks middle,ATLANTA PUBLIC SCHOO,,814.95,17.4,78.0,4.5,82.6,,826.3,11.4,70.5,18.2,88.6,,815.78,28.0,60.6,11.4,72.0,,798.8,,40.9,2.3,43.2,,796.99,,40.2,4.5,44.7,7,132.0,132.0,132.0,132.0,56.8,132.0,55.3,parks middle,parks middle,9,N,N,F,0,1
je brown middle,ATLANTA PUBLIC SCHOO,,824.78,7.5,80.6,11.9,92.5,,830.28,9.5,66.8,23.6,90.5,,803.4,44.2,47.7,8.0,55.8,,798.96,,45.2,2.0,47.2,,798.44,,39.1,6.6,45.7,8,201.0,199.0,199.0,199.0,52.8,197.0,54.3,brown middle,je brown middle,9,N,N,F,0,1
heritage,ATLANTA PUBLIC SCHOO,,,,,,,,,,,,,,,,,,,,,,,,,,,,,,,8,2.0,1.0,1.0,1.0,,1.0,,the bridge,heritage,9,N,N,F,0,1
young middle saturday,ATLANTA PUBLIC SCHOO,,822.12,9.6,80.3,10.1,90.4,,828.32,11.7,66.5,21.8,88.3,,805.25,44.7,44.7,10.6,55.3,,796.71,,38.8,2.1,41.0,,798.62,,47.3,3.7,51.1,8,188.0,188.0,188.0,188.0,59.0,188.0,48.9,long middle s,young middle saturday,9,N,N,F,0,1
ralph bunche middle,ATLANTA PUBLIC SCHOO,,823.3,10.8,79.7,9.4,89.2,,835.38,9.4,60.1,30.4,90.6,,815.12,26.1,60.6,13.2,73.9,,796.98,,36.4,4.9,41.3,,807.48,,43.6,13.1,56.7,8,286.0,286.0,287.0,286.0,58.7,282.0,43.3,bunche middle,ralph bunche middle,9,N,N,F,0,1
sylvan middle,ATLANTA PUBLIC SCHOO,,823.74,9.6,80.1,10.3,90.4,,830.85,10.9,63.9,25.2,89.1,,804.08,39.0,56.8,4.1,61.0,,805.59,,45.9,8.2,54.1,,794.49,,39.7,4.8,44.5,8,146.0,147.0,146.0,146.0,45.9,146.0,55.5,sylvan hills,sylvan middle,9,N,N,F,0,1
best middle,ATLANTA PUBLIC SCHOO,,824.76,11.3,72.5,16.3,88.8,,823.48,13.8,72.5,13.8,86.3,,800.39,40.0,57.5,2.5,60.0,,794.45,,41.3,0.0,41.3,,790.36,,37.5,0.0,37.5,8,80.0,80.0,80.0,80.0,58.8,80.0,62.5,turner middle,best middle,9,N,N,F,0,1
charles r drew charter,ATLANTA PUBLIC SCHOO,,837.76,3.4,59.6,37.1,96.6,,843.79,3.4,53.9,42.7,96.6,,836.24,14.6,48.3,37.1,85.4,,824.93,,57.3,21.3,78.7,,822.61,,61.8,19.1,80.9,8,89.0,89.0,89.0,89.0,21.3,89.0,19.1,charles r dre,charles r drew charter,9,N,N,F,0,1
atlanta charter middle,ATLANTA PUBLIC SCHOO,,833.59,2.7,67.6,29.7,97.3,,828.3,5.4,64.9,29.7,94.6,,810.73,37.8,48.6,13.5,62.2,,802.92,,54.1,2.7,56.8,,794.89,,45.9,0.0,45.9,8,37.0,37.0,37.0,37.0,43.2,37.0,54.1,atlanta chart,atlanta charter middle,9,N,N,S,0,0
hillside,ATLANTA PUBLIC SCHOO,,,,,,,,,,,,,,,,,,,,,,,,,,,,,,,8,8.0,8.0,8.0,7.0,,8.0,,hillside cona,hillside,9,N,Y,S,0,0
young middle saturday,ATLANTA PUBLIC SCHOO,,829.87,8.0,72.0,20.0,92.0,,834.82,8.5,60.2,31.3,91.5,,808.94,33.8,53.2,12.9,66.2,,797.88,,44.3,2.5,46.8,,797.21,,37.5,8.5,46.0,8,200.0,201.0,201.0,201.0,53.2,200.0,54.0,young middle,young middle saturday,9,N,N,F,0,1
parks middle,ATLANTA PUBLIC SCHOO,,819.16,14.2,80.4,5.4,85.8,,824.55,19.1,61.8,19.1,80.9,,799.52,50.7,42.4,6.9,49.3,,800.93,,43.6,5.4,49.0,,790.52,,35.3,2.9,38.2,8,204.0,204.0,203.0,204.0,51.0,204.0,61.8,price middle,parks middle,9,N,N,F,0,1
young middle saturday,ATLANTA PUBLIC SCHOO,,818.42,15.6,73.9,10.6,84.4,,823.92,16.1,63.9,20.0,83.9,,799.44,45.3,50.3,4.5,54.7,,808.51,,51.7,8.4,60.1,,821.94,,52.0,25.4,77.4,8,180.0,180.0,179.0,178.0,39.9,177.0,22.6,king middle s,young middle saturday,9,N,N,F,0,1
forrest hills,ATLANTA PUBLIC SCHOO,,811.5,23.4,72.7,3.9,76.6,,810.46,25.2,69.3,5.5,74.8,,779.16,81.3,18.0,0.8,18.8,,780.92,,17.5,0.0,17.5,,774.59,,19.8,0.0,19.8,8,128.0,127.0,128.0,126.0,82.5,126.0,80.2,aps forrest h,forrest hills,9,N,N,F,0,1
university community,ATLANTA PUBLIC SCHOO,,834.05,4.9,65.9,29.3,95.1,,834.78,4.9,68.3,26.8,95.1,,806.02,43.9,51.2,4.9,56.1,,798.05,,46.3,2.4,48.8,,798.05,,46.3,0.0,46.3,8,41.0,41.0,41.0,41.0,51.2,41.0,53.7,university co,university community,9,N,N,F,0,1
harperarcher middle,ATLANTA PUBLIC SCHOO,,816.42,20.4,73.3,6.2,79.6,,819.64,18.7,68.0,13.3,81.3,,800.09,42.7,52.9,4.4,57.3,,790.54,,33.0,1.8,34.8,,792.79,,38.4,3.6,42.0,8,225.0,225.0,225.0,224.0,65.2,224.0,58.0,harper archer,harperarcher middle,9,N,N,F,0,1
kipp ways,ATLANTA PUBLIC SCHOO,,837.24,3.2,67.7,29.0,96.8,,847.23,3.2,53.2,43.5,96.8,,841.87,1.6,59.7,38.7,98.4,,826.82,,67.7,21.0,88.7,,836.48,,50.0,40.3,90.3,8,62.0,62.0,62.0,62.0,11.3,62.0,9.7,kipp west atl,kipp ways,9,N,N,F,0,1
imagine wesley international,ATLANTA PUBLIC SCHOO,,834.15,3.8,73.1,23.1,96.2,,841.65,3.8,57.7,38.5,96.2,,822.62,15.4,57.7,26.9,84.6,,811.81,,69.2,3.8,73.1,,812.5,,69.2,7.7,76.9,8,26.0,26.0,26.0,26.0,26.9,26.0,23.1,imagine wesle,imagine wesley international,9,N,N,F,0,1
samuel inman middle,ATLANTA PUBLIC SCHOO,,849.92,0.0,48.9,51.1,100.0,,864.14,1.3,36.3,62.3,98.7,,846.83,11.2,44.6,44.2,88.8,,832.34,,52.7,30.4,83.0,,857.56,,37.2,57.4,94.6,8,223.0,223.0,224.0,224.0,17.0,223.0,5.4,inman middle,samuel inman middle,9,N,N,S,0,0
best middle,ATLANTA PUBLIC SCHOO,,842.35,6.9,49.2,43.9,93.1,,846.84,9.0,42.4,48.6,91.0,,826.27,25.1,44.3,30.7,74.9,,825.54,,45.5,28.2,73.7,,829.26,,36.8,39.3,76.0,8,321.0,321.0,323.0,323.0,26.3,321.0,24.0,sutton middle,best middle,9,N,N,F,0,1
coan middle saturday,ATLANTA PUBLIC SCHOO,,824.47,5.7,85.8,8.5,94.3,,830.59,6.6,67.9,25.5,93.4,,792.89,64.2,32.1,3.8,35.8,,800.56,,49.1,3.8,52.8,,798.07,,40.6,1.9,42.5,8,106.0,106.0,106.0,106.0,47.2,106.0,57.5,coan middle s,coan middle saturday,9,N,N,F,0,1
john f kennedy middle,ATLANTA PUBLIC SCHOO,,820.2,12.4,79.0,8.6,87.6,,826.35,11.4,67.6,21.0,88.6,,803.51,39.0,55.2,5.7,61.0,,793.1,,36.2,1.0,37.1,,794.72,,44.8,1.0,45.7,8,105.0,105.0,105.0,105.0,62.9,105.0,54.3,kennedy middl,john f kennedy middle,9,N,N,F,0,1
parks middle,ATLANTA PUBLIC SCHOO,,826.17,6.0,81.5,12.6,94.0,,834.44,10.6,56.3,33.1,89.4,,811.3,29.8,57.6,12.6,70.2,,793.38,,35.1,0.0,35.1,,785.34,,28.0,0.7,28.7,8,151.0,151.0,151.0,151.0,64.9,150.0,71.3,parks middle,parks middle,9,N,N,F,0,1
